Tournament,Date,Series,Court,Surface,Round,Best of,Player_1,Player_2,Winner,Rank_1,Rank_2,Pts_1,Pts_2,Odd_1,Odd_2,Score
Australian Hardcourt Championships,2000-01-03,International,Outdoor,Hard,1st Round,3,Dosedel S.,Ljubicic I.,Dosedel S.,63,77,-1,-1,-1.0,-1.0,6-4 6-2
Australian Hardcourt Championships,2000-01-03,International,Outdoor,Hard,1st Round,3,Clement A.,Enqvist T.,Enqvist T.,56,5,-1,-1,-1.0,-1.0,3-6 3-6
Australian Hardcourt Championships,2000-01-03,International,Outdoor,Hard,1st Round,3,Escude N.,Baccanello P.,Escude N.,40,655,-1,-1,-1.0,-1.0,6-7 7-5 6-3
Australian Hardcourt Championships,2000-01-03,International,Outdoor,Hard,1st Round,3,Knippschild J.,Federer R.,Federer R.,87,65,-1,-1,-1.0,-1.0,1-6 4-6
Australian Hardcourt Championships,2000-01-03,International,Outdoor,Hard,1st Round,3,Fromberg R.,Woodbridge T.,Fromberg R.,81,198,-1,-1,-1.0,-1.0,7-6 5-7 6-4
Australian Hardcourt Championships,2000-01-03,International,Outdoor,Hard,1st Round,3,Arthurs W.,Gambill J.M.,Gambill J.M.,105,58,-1,-1,-1.0,-1.0,6-3 6-7 4-6
Australian Hardcourt Championships,2000-01-03,International,Outdoor,Hard,1st Round,3,Grosjean S.,Ilie A.,Grosjean S.,26,51,-1,-1,-1.0,-1.0,6-2 6-1
Australian Hardcourt Championships,2000-01-03,International,Outdoor,Hard,1st Round,3,Balcells J.,Henman T.,Henman T.,218,11,-1,-1,-1.0,-1.0,4-6 6-7
Australian Hardcourt Championships,2000-01-03,International,Outdoor,Hard,1st Round,3,Hewitt L.,Woodforde M.,Hewitt L.,24,129,-1,-1,-1.0,-1.0,6-3 2-6 6-1
Australian Hardcourt Championships,2000-01-03,International,Outdoor,Hard,1st Round,3,Tebbutt M.,Lisnard J.,Lisnard J.,351,134,-1,-1,-1.0,-1.0,6-7 7-6 4-6
Australian Hardcourt Championships,2000-01-03,International,Outdoor,Hard,1st Round,3,Martin A.,Spadea V.,Martin A.,55,21,-1,-1,-1.0,-1.0,6-2 6-2
Australian Hardcourt Championships,2000-01-03,International,Outdoor,Hard,1st Round,3,Draper S.,Norman M.,Norman M.,155,15,-1,-1,-1.0,-1.0,4-6 4-6
Australian Hardcourt Championships,2000-01-03,International,Outdoor,Hard,1st Round,3,Petrovic D.,Huet S.,Petrovic D.,208,122,-1,-1,-1.0,-1.0,3-6 6-3 6-3
Australian Hardcourt Championships,2000-01-03,International,Outdoor,Hard,1st Round,3,Pozzi G.,Sekulov J.,Sekulov J.,79,142,-1,-1,-1.0,-1.0,4-6 6-2 2-6
Australian Hardcourt Championships,2000-01-03,International,Outdoor,Hard,1st Round,3,Stoltenberg J.,Hrbaty D.,Stoltenberg J.,84,20,-1,-1,-1.0,-1.0,6-3 6-1
Australian Hardcourt Championships,2000-01-03,International,Outdoor,Hard,1st Round,3,Goldstein P.,Vinck C.,Vinck C.,88,227,-1,-1,-1.0,-1.0,6-3 3-6 4-6
Australian Hardcourt Championships,2000-01-03,International,Outdoor,Hard,2nd Round,3,Enqvist T.,Federer R.,Enqvist T.,5,65,-1,-1,-1.0,-1.0,7-6 6-4
Australian Hardcourt Championships,2000-01-03,International,Outdoor,Hard,2nd Round,3,Dosedel S.,Escude N.,Escude N.,63,40,-1,-1,-1.0,-1.0,6-7 4-6
Australian Hardcourt Championships,2000-01-03,International,Outdoor,Hard,2nd Round,3,Grosjean S.,Gambill J.M.,Grosjean S.,26,58,-1,-1,-1.0,-1.0,3-6 7-6 6-2
Australian Hardcourt Championships,2000-01-03,International,Outdoor,Hard,2nd Round,3,Lisnard J.,Henman T.,Henman T.,134,11,-1,-1,-1.0,-1.0,6-3 4-6 2-6
Australian Hardcourt Championships,2000-01-03,International,Outdoor,Hard,2nd Round,3,Hewitt L.,Petrovic D.,Hewitt L.,24,208,-1,-1,-1.0,-1.0,6-0 6-2
Australian Hardcourt Championships,2000-01-03,International,Outdoor,Hard,2nd Round,3,Sekulov J.,Martin A.,Martin A.,142,55,-1,-1,-1.0,-1.0,6-7 6-7
Australian Hardcourt Championships,2000-01-03,International,Outdoor,Hard,2nd Round,3,Norman M.,Fromberg R.,Norman M.,15,81,-1,-1,-1.0,-1.0,7-5 6-4
Australian Hardcourt Championships,2000-01-03,International,Outdoor,Hard,2nd Round,3,Vinck C.,Stoltenberg J.,Stoltenberg J.,227,84,-1,-1,-1.0,-1.0,6-3 4-6 4-6
Australian Hardcourt Championships,2000-01-03,International,Outdoor,Hard,Quarterfinals,3,Enqvist T.,Grosjean S.,Enqvist T.,5,26,-1,-1,-1.0,-1.0,7-6 7-5
Australian Hardcourt Championships,2000-01-03,International,Outdoor,Hard,Quarterfinals,3,Henman T.,Escude N.,Escude N.,11,40,-1,-1,-1.0,-1.0,3-6 1-6
Australian Hardcourt Championships,2000-01-03,International,Outdoor,Hard,Quarterfinals,3,Hewitt L.,Stoltenberg J.,Hewitt L.,24,84,-1,-1,-1.0,-1.0,6-2 6-2
Australian Hardcourt Championships,2000-01-03,International,Outdoor,Hard,Quarterfinals,3,Martin A.,Norman M.,Norman M.,55,15,-1,-1,-1.0,-1.0,4-6 3-6
Australian Hardcourt Championships,2000-01-03,International,Outdoor,Hard,Semifinals,3,Enqvist T.,Norman M.,Enqvist T.,5,15,-1,-1,-1.0,-1.0,3-6 6-2 6-2
Australian Hardcourt Championships,2000-01-03,International,Outdoor,Hard,Semifinals,3,Escude N.,Hewitt L.,Hewitt L.,40,24,-1,-1,-1.0,-1.0,6-3 1-6 4-6
Australian Hardcourt Championships,2000-01-03,International,Outdoor,Hard,The Final,3,Hewitt L.,Enqvist T.,Hewitt L.,24,5,-1,-1,-1.0,-1.0,3-6 6-3 6-2
Gold Flake Open,2000-01-03,International,Outdoor,Hard,1st Round,3,Kumar S.,Agenor R.,Agenor R.,1198,94,-1,-1,-1.0,-1.0,4-6 4-6
Gold Flake Open,2000-01-03,International,Outdoor,Hard,1st Round,3,Behrend T.,Popp A.,Behrend T.,116,124,-1,-1,-1.0,-1.0,6-4 4-6 6-1
Gold Flake Open,2000-01-03,International,Outdoor,Hard,1st Round,3,Rochus C.,Damm M.,Damm M.,120,104,-1,-1,-1.0,-1.0,3-6 0-6
Gold Flake Open,2000-01-03,International,Outdoor,Hard,1st Round,3,Delgado J.,Black B.,Delgado J.,162,67,-1,-1,-1.0,-1.0,6-2 7-6
Gold Flake Open,2000-01-03,International,Outdoor,Hard,1st Round,3,Spottl M.,Golmard J.,Golmard J.,200,38,-1,-1,-1.0,-1.0,3-6 4-6
Gold Flake Open,2000-01-03,International,Outdoor,Hard,1st Round,3,Hantschk M.,Tieleman L.,Hantschk M.,128,89,-1,-1,-1.0,-1.0,7-6 6-3
Gold Flake Open,2000-01-03,International,Outdoor,Hard,1st Round,3,Kroslak J.,Jonsson F.,Jonsson F.,103,127,-1,-1,-1.0,-1.0,3-6 3-6
Gold Flake Open,2000-01-03,International,Outdoor,Hard,1st Round,3,Ketola T.,Ogorodov O.,Ketola T.,163,135,-1,-1,-1.0,-1.0,7-5 4-6 6-4
Gold Flake Open,2000-01-03,International,Outdoor,Hard,1st Round,3,Zib T.,Manta L.,Manta L.,115,117,-1,-1,-1.0,-1.0,5-7 2-6
Gold Flake Open,2000-01-03,International,Outdoor,Hard,1st Round,3,Paes L.,Boutter J.,Paes L.,145,137,-1,-1,-1.0,-1.0,6-4 7-6
Gold Flake Open,2000-01-03,International,Outdoor,Hard,1st Round,3,Ram A.,Pioline C.,Pioline C.,414,14,-1,-1,-1.0,-1.0,3-6 1-6
Gold Flake Open,2000-01-03,International,Outdoor,Hard,1st Round,3,Sanguinetti D.,Voinea A.,Sanguinetti D.,121,100,-1,-1,-1.0,-1.0,7-6 6-4
Gold Flake Open,2000-01-03,International,Outdoor,Hard,1st Round,3,Kilderry P.,Stanoytchev O.,Stanoytchev O.,342,111,-1,-1,-1.0,-1.0,4-6 6-7
Gold Flake Open,2000-01-03,International,Outdoor,Hard,1st Round,3,Tabara M.,Kafelnikov Y.,Tabara M.,125,2,-1,-1,-1.0,-1.0,6-4 6-2
Gold Flake Open,2000-01-03,International,Outdoor,Hard,1st Round,3,Ishii Y.,Vanek J.,Vanek J.,238,160,-1,-1,-1.0,-1.0,3-6 4-6
Gold Flake Open,2000-01-03,International,Outdoor,Hard,1st Round,3,Vinciguerra A.,Lopez-Moron A.,Vinciguerra A.,99,113,-1,-1,-1.0,-1.0,6-4 6-2
Gold Flake Open,2000-01-03,International,Outdoor,Hard,2nd Round,3,Agenor R.,Damm M.,Damm M.,94,104,-1,-1,-1.0,-1.0,6-4 2-6 1-6
Gold Flake Open,2000-01-03,International,Outdoor,Hard,2nd Round,3,Delgado J.,Stanoytchev O.,Delgado J.,162,111,-1,-1,-1.0,-1.0,4-6 6-2 6-3
Gold Flake Open,2000-01-03,International,Outdoor,Hard,2nd Round,3,Jonsson F.,Golmard J.,Golmard J.,127,38,-1,-1,-1.0,-1.0,2-6 3-6
Gold Flake Open,2000-01-03,International,Outdoor,Hard,2nd Round,3,Hantschk M.,Behrend T.,Hantschk M.,128,116,-1,-1,-1.0,-1.0,6-3 4-6 6-3
Gold Flake Open,2000-01-03,International,Outdoor,Hard,2nd Round,3,Vanek J.,Ketola T.,Ketola T.,160,163,-1,-1,-1.0,-1.0,6-4 4-6 4-6
Gold Flake Open,2000-01-03,International,Outdoor,Hard,2nd Round,3,Manta L.,Tabara M.,Manta L.,117,125,-1,-1,-1.0,-1.0,6-4 6-3
Gold Flake Open,2000-01-03,International,Outdoor,Hard,2nd Round,3,Paes L.,Pioline C.,Pioline C.,145,14,-1,-1,-1.0,-1.0,3-6 4-6
Gold Flake Open,2000-01-03,International,Outdoor,Hard,2nd Round,3,Sanguinetti D.,Vinciguerra A.,Sanguinetti D.,121,99,-1,-1,-1.0,-1.0,2-6 7-5 6-3
Gold Flake Open,2000-01-03,International,Outdoor,Hard,Quarterfinals,3,Manta L.,Damm M.,Damm M.,117,104,-1,-1,-1.0,-1.0,4-6 4-6
Gold Flake Open,2000-01-03,International,Outdoor,Hard,Quarterfinals,3,Golmard J.,Delgado J.,Golmard J.,38,162,-1,-1,-1.0,-1.0,6-3 6-4
Gold Flake Open,2000-01-03,International,Outdoor,Hard,Quarterfinals,3,Ketola T.,Hantschk M.,Hantschk M.,163,128,-1,-1,-1.0,-1.0,7-5 5-7 2-6
Gold Flake Open,2000-01-03,International,Outdoor,Hard,Quarterfinals,3,Pioline C.,Sanguinetti D.,Pioline C.,14,121,-1,-1,-1.0,-1.0,3-6 6-4 7-6
Gold Flake Open,2000-01-03,International,Outdoor,Hard,Semifinals,3,Damm M.,Golmard J.,Golmard J.,104,38,-1,-1,-1.0,-1.0,6-3 3-6 3-6
Gold Flake Open,2000-01-03,International,Outdoor,Hard,Semifinals,3,Hantschk M.,Pioline C.,Hantschk M.,128,14,-1,-1,-1.0,-1.0,6-4 2-6 7-6
Gold Flake Open,2000-01-03,International,Outdoor,Hard,The Final,3,Hantschk M.,Golmard J.,Golmard J.,128,38,-1,-1,-1.0,-1.0,3-6 7-6 3-6
Qatar Open,2000-01-03,International,Outdoor,Hard,1st Round,3,Bastl G.,Novak J.,Bastl G.,85,36,-1,-1,-1.0,-1.0,6-4 7-5
Qatar Open,2000-01-03,International,Outdoor,Hard,1st Round,3,Al-Alawi S.K.,Berasategui A.,Berasategui A.,-1,60,-1,-1,-1.0,-1.0,3-6 4-6
Qatar Open,2000-01-03,International,Outdoor,Hard,1st Round,3,Caratti C.,Heuberger I.,Caratti C.,211,219,-1,-1,-1.0,-1.0,7-6 4-6 6-4
Qatar Open,2000-01-03,International,Outdoor,Hard,1st Round,3,Arazi H.,Cherkasov A.,Cherkasov A.,35,206,-1,-1,-1.0,-1.0,2-6 4-6
Qatar Open,2000-01-03,International,Outdoor,Hard,1st Round,3,El Aynaoui Y.,Dupuis A.,El Aynaoui Y.,33,78,-1,-1,-1.0,-1.0,4-6 6-3 6-2
Qatar Open,2000-01-03,International,Outdoor,Hard,1st Round,3,Luxa P.,Gaudio G.,Gaudio G.,174,73,-1,-1,-1.0,-1.0,6-4 0-6 2-6
Qatar Open,2000-01-03,International,Outdoor,Hard,1st Round,3,Kiefer N.,Tarango J.,Kiefer N.,6,59,-1,-1,-1.0,-1.0,7-6 7-6
Qatar Open,2000-01-03,International,Outdoor,Hard,1st Round,3,Puerta M.,Mirnyi M.,Mirnyi M.,101,74,-1,-1,-1.0,-1.0,5-7 2-6
Qatar Open,2000-01-03,International,Outdoor,Hard,1st Round,3,Santoro F.,Burgsmuller L.,Santoro F.,32,138,-1,-1,-1.0,-1.0,6-4 6-1
Qatar Open,2000-01-03,International,Outdoor,Hard,1st Round,3,Diaz J.,Schalken S.,Schalken S.,86,44,-1,-1,-1.0,-1.0,5-7 4-6
Qatar Open,2000-01-03,International,Outdoor,Hard,1st Round,3,Schuettler R.,Sanchez J.,Schuettler R.,47,285,-1,-1,-1.0,-1.0,6-2 7-6
Qatar Open,2000-01-03,International,Outdoor,Hard,1st Round,3,Siemerink J.,Squillari F.,Squillari F.,93,49,-1,-1,-1.0,-1.0,2-6 4-6
Qatar Open,2000-01-03,International,Outdoor,Hard,1st Round,3,Tillstrom M.,Ivanisevic G.,Tillstrom M.,83,62,-1,-1,-1.0,-1.0,7-6 6-4
Qatar Open,2000-01-03,International,Outdoor,Hard,1st Round,3,Vicente F.,Vacek D.,Vacek D.,50,39,-1,-1,-1.0,-1.0,6-0 3-6 4-6
Qatar Open,2000-01-03,International,Outdoor,Hard,2nd Round,3,Bastl G.,Berasategui A.,Bastl G.,85,60,-1,-1,-1.0,-1.0,6-3 6-1
Qatar Open,2000-01-03,International,Outdoor,Hard,2nd Round,3,Gaudio G.,El Aynaoui Y.,El Aynaoui Y.,73,33,-1,-1,-1.0,-1.0,4-6 4-6
Qatar Open,2000-01-03,International,Outdoor,Hard,2nd Round,3,Kiefer N.,Caratti C.,Kiefer N.,6,211,-1,-1,-1.0,-1.0,6-1 6-1
Qatar Open,2000-01-03,International,Outdoor,Hard,2nd Round,3,Marin J.A.,Mirnyi M.,Mirnyi M.,71,74,-1,-1,-1.0,-1.0,0-6 1-6
Qatar Open,2000-01-03,International,Outdoor,Hard,2nd Round,3,Santoro F.,van Lottum J.,Santoro F.,32,69,-1,-1,-1.0,-1.0,7-6 6-1
Qatar Open,2000-01-03,International,Outdoor,Hard,2nd Round,3,Squillari F.,Schalken S.,Schalken S.,49,44,-1,-1,-1.0,-1.0,6-4 1-6 1-6
Qatar Open,2000-01-03,International,Outdoor,Hard,2nd Round,3,Schuettler R.,Vacek D.,Schuettler R.,47,39,-1,-1,-1.0,-1.0,6-3 6-2
Qatar Open,2000-01-03,International,Outdoor,Hard,2nd Round,3,Cherkasov A.,Tillstrom M.,Tillstrom M.,206,83,-1,-1,-1.0,-1.0,6-7 4-6
Qatar Open,2000-01-03,International,Outdoor,Hard,Quarterfinals,3,El Aynaoui Y.,Tillstrom M.,El Aynaoui Y.,33,83,-1,-1,-1.0,-1.0,7-5 6-3
Qatar Open,2000-01-03,International,Outdoor,Hard,Quarterfinals,3,Schalken S.,Kiefer N.,Kiefer N.,44,6,-1,-1,-1.0,-1.0,1-6 0-6
Qatar Open,2000-01-03,International,Outdoor,Hard,Quarterfinals,3,Santoro F.,Bastl G.,Santoro F.,32,85,-1,-1,-1.0,-1.0,6-2 6-4
Qatar Open,2000-01-03,International,Outdoor,Hard,Quarterfinals,3,Mirnyi M.,Schuettler R.,Schuettler R.,74,47,-1,-1,-1.0,-1.0,3-6 2-6
Qatar Open,2000-01-03,International,Outdoor,Hard,Semifinals,3,Santoro F.,Kiefer N.,Santoro F.,32,6,-1,-1,-1.0,-1.0,7-5 6-4
Qatar Open,2000-01-03,International,Outdoor,Hard,Semifinals,3,El Aynaoui Y.,Schuettler R.,Schuettler R.,33,47,-1,-1,-1.0,-1.0,7-6 4-6 4-6
Heineken Open,2000-01-10,International,Outdoor,Hard,1st Round,3,Balcells J.,Squillari F.,Balcells J.,211,49,-1,-1,-1.0,-1.0,7-5 7-5
Heineken Open,2000-01-10,International,Outdoor,Hard,1st Round,3,Hantschk M.,Behrend T.,Behrend T.,95,115,-1,-1,-1.0,-1.0,2-6 2-6
Heineken Open,2000-01-10,International,Outdoor,Hard,1st Round,3,Chang M.,Black B.,Chang M.,50,70,-1,-1,-1.0,-1.0,7-5 4-6 7-6
Heineken Open,2000-01-10,International,Outdoor,Hard,1st Round,3,Federer R.,Ferrero J.C.,Ferrero J.C.,61,45,-1,-1,-1.0,-1.0,4-6 4-6
Heineken Open,2000-01-10,International,Outdoor,Hard,1st Round,3,Gambill J.M.,Fromberg R.,Gambill J.M.,57,80,-1,-1,-1.0,-1.0,4-6 6-3 6-4
Heineken Open,2000-01-10,International,Outdoor,Hard,1st Round,3,Sargsian S.,Gaudio G.,Gaudio G.,52,72,-1,-1,-1.0,-1.0,5-7 6-4 5-7
Heineken Open,2000-01-10,International,Outdoor,Hard,1st Round,3,Gustafsson M.,Nielsen M.,Gustafsson M.,60,246,-1,-1,-1.0,-1.0,6-4 6-4
Heineken Open,2000-01-10,International,Outdoor,Hard,1st Round,3,Tarango J.,Haas T.,Haas T.,63,11,-1,-1,-1.0,-1.0,5-7 6-4 5-7
Heineken Open,2000-01-10,International,Outdoor,Hard,1st Round,3,Johansson T.,Weiner G.,Johansson T.,43,334,-1,-1,-1.0,-1.0,7-6 6-1
Heineken Open,2000-01-10,International,Outdoor,Hard,1st Round,3,Berasategui A.,Martin A.,Martin A.,59,48,-1,-1,-1.0,-1.0,3-6 1-6
Heineken Open,2000-01-10,International,Outdoor,Hard,1st Round,3,Norman M.,Costa F.,Norman M.,14,149,-1,-1,-1.0,-1.0,7-5 6-4
Heineken Open,2000-01-10,International,Outdoor,Hard,1st Round,3,Bjorkman J.,Novak J.,Novak J.,76,38,-1,-1,-1.0,-1.0,5-7 4-6
Heineken Open,2000-01-10,International,Outdoor,Hard,1st Round,3,Rosset M.,Vicente F.,Rosset M.,46,53,-1,-1,-1.0,-1.0,6-4 6-3
Heineken Open,2000-01-10,International,Outdoor,Hard,1st Round,3,Ivanisevic G.,Schalken S.,Schalken S.,68,37,-1,-1,-1.0,-1.0,1-6 6-4 4-6
Heineken Open,2000-01-10,International,Outdoor,Hard,1st Round,3,Sell M.,Escude N.,Sell M.,167,34,-1,-1,-1.0,-1.0,0-6 7-6 6-1
Heineken Open,2000-01-10,International,Outdoor,Hard,1st Round,3,Woodruff C.,van Lottum J.,van Lottum J.,56,66,-1,-1,-1.0,-1.0,1-6 3-6
Heineken Open,2000-01-10,International,Outdoor,Hard,2nd Round,3,Balcells J.,Haas T.,Balcells J.,211,11,-1,-1,-1.0,-1.0,6-4 7-5
Heineken Open,2000-01-10,International,Outdoor,Hard,2nd Round,3,Sell M.,Chang M.,Chang M.,167,50,-1,-1,-1.0,-1.0,6-4 4-6 6-7
Heineken Open,2000-01-10,International,Outdoor,Hard,2nd Round,3,Ferrero J.C.,Martin A.,Ferrero J.C.,45,48,-1,-1,-1.0,-1.0,6-7 6-2 6-4
Heineken Open,2000-01-10,International,Outdoor,Hard,2nd Round,3,Novak J.,Gaudio G.,Gaudio G.,38,72,-1,-1,-1.0,-1.0,4-6 7-6 6-7
Heineken Open,2000-01-10,International,Outdoor,Hard,2nd Round,3,Gustafsson M.,Johansson T.,Gustafsson M.,60,43,-1,-1,-1.0,-1.0,6-2 6-3
Heineken Open,2000-01-10,International,Outdoor,Hard,2nd Round,3,Gambill J.M.,Norman M.,Norman M.,57,14,-1,-1,-1.0,-1.0,3-6 3-6
Heineken Open,2000-01-10,International,Outdoor,Hard,2nd Round,3,Rosset M.,van Lottum J.,Rosset M.,46,66,-1,-1,-1.0,-1.0,6-3 6-2
Heineken Open,2000-01-10,International,Outdoor,Hard,2nd Round,3,Behrend T.,Schalken S.,Schalken S.,115,37,-1,-1,-1.0,-1.0,4-6 1-6
Heineken Open,2000-01-10,International,Outdoor,Hard,Quarterfinals,3,Balcells J.,Ferrero J.C.,Balcells J.,211,45,-1,-1,-1.0,-1.0,4-6 6-3 6-1
Heineken Open,2000-01-10,International,Outdoor,Hard,Quarterfinals,3,Schalken S.,Gaudio G.,Gaudio G.,37,72,-1,-1,-1.0,-1.0,1-6 2-6
Heineken Open,2000-01-10,International,Outdoor,Hard,Quarterfinals,3,Norman M.,Rosset M.,Norman M.,14,46,-1,-1,-1.0,-1.0,6-2 6-2
Heineken Open,2000-01-10,International,Outdoor,Hard,Semifinals,3,Balcells J.,Chang M.,Chang M.,211,50,-1,-1,-1.0,-1.0,3-6 6-3 2-6
Heineken Open,2000-01-10,International,Outdoor,Hard,Semifinals,3,Norman M.,Gaudio G.,Norman M.,14,72,-1,-1,-1.0,-1.0,6-4 7-5
Heineken Open,2000-01-10,International,Outdoor,Hard,The Final,3,Chang M.,Norman M.,Norman M.,50,14,-1,-1,-1.0,-1.0,6-3 3-6 5-7
Sydney International,2000-01-10,International,Outdoor,Hard,1st Round,3,Arazi H.,Mantilla F.,Arazi H.,42,25,-1,-1,-1.0,-1.0,6-3 6-4
Sydney International,2000-01-10,International,Outdoor,Hard,1st Round,3,Kuerten G.,Clavet F.,Clavet F.,5,39,-1,-1,-1.0,-1.0,4-6 6-3 4-6
Sydney International,2000-01-10,International,Outdoor,Hard,1st Round,3,Clement A.,Zabaleta M.,Clement A.,55,32,-1,-1,-1.0,-1.0,4-6 6-3 6-4
Sydney International,2000-01-10,International,Outdoor,Hard,1st Round,3,Pioline C.,Corretja A.,Corretja A.,15,28,-1,-1,-1.0,-1.0,4-6 4-6
Sydney International,2000-01-10,International,Outdoor,Hard,1st Round,3,Dosedel S.,Woodforde M.,Dosedel S.,69,128,-1,-1,-1.0,-1.0,6-3 6-3
Sydney International,2000-01-10,International,Outdoor,Hard,1st Round,3,Grosjean S.,Hewitt L.,Hewitt L.,27,21,-1,-1,-1.0,-1.0,4-6 4-6
Sydney International,2000-01-10,International,Outdoor,Hard,1st Round,3,Hrbaty D.,Ullyett K.,Hrbaty D.,23,193,-1,-1,-1.0,-1.0,6-1 7-5
Sydney International,2000-01-10,International,Outdoor,Hard,1st Round,3,Costa A.,Ilie A.,Ilie A.,18,47,-1,-1,-1.0,-1.0,6-3 6-7 4-6
Sydney International,2000-01-10,International,Outdoor,Hard,1st Round,3,Koubek S.,Meligeni F.,Koubek S.,40,29,-1,-1,-1.0,-1.0,7-6 6-1
Sydney International,2000-01-10,International,Outdoor,Hard,1st Round,3,Damm M.,Kucera K.,Kucera K.,88,17,-1,-1,-1.0,-1.0,6-7 1-6
Sydney International,2000-01-10,International,Outdoor,Hard,1st Round,3,Lapentti N.,El Aynaoui Y.,Lapentti N.,7,31,-1,-1,-1.0,-1.0,3-6 6-3 6-3
Sydney International,2000-01-10,International,Outdoor,Hard,1st Round,3,Safin M.,Ljubicic I.,Ljubicic I.,24,79,-1,-1,-1.0,-1.0,7-6 3-6 3-6
Sydney International,2000-01-10,International,Outdoor,Hard,1st Round,3,Martin T.,Medvedev A.,Martin T.,8,33,-1,-1,-1.0,-1.0,6-1 6-7 6-3
Sydney International,2000-01-10,International,Outdoor,Hard,1st Round,3,Diaz J.,Stoltenberg J.,Stoltenberg J.,84,94,-1,-1,-1.0,-1.0,1-6 7-6 4-6
Sydney International,2000-01-10,International,Outdoor,Hard,1st Round,3,Vacek D.,Lisnard J.,Vacek D.,41,127,-1,-1,-1.0,-1.0,6-4 7-6
Sydney International,2000-01-10,International,Outdoor,Hard,1st Round,3,Spadea V.,Voinea A.,Voinea A.,20,102,-1,-1,-1.0,-1.0,6-3 6-7 4-6
Sydney International,2000-01-10,International,Outdoor,Hard,2nd Round,3,Corretja A.,Arazi H.,Corretja A.,28,42,-1,-1,-1.0,-1.0,3-6 6-3 7-6
Sydney International,2000-01-10,International,Outdoor,Hard,2nd Round,3,Ilie A.,Dosedel S.,Dosedel S.,47,69,-1,-1,-1.0,-1.0,3-6 5-7
Sydney International,2000-01-10,International,Outdoor,Hard,2nd Round,3,Hewitt L.,Clavet F.,Hewitt L.,21,39,-1,-1,-1.0,-1.0,6-3 6-2
Sydney International,2000-01-10,International,Outdoor,Hard,2nd Round,3,Clement A.,Kucera K.,Kucera K.,55,17,-1,-1,-1.0,-1.0,2-6 4-6
Sydney International,2000-01-10,International,Outdoor,Hard,2nd Round,3,Lapentti N.,Koubek S.,Lapentti N.,7,40,-1,-1,-1.0,-1.0,4-6 6-0 6-4
Sydney International,2000-01-10,International,Outdoor,Hard,2nd Round,3,Martin T.,Ljubicic I.,Ljubicic I.,8,79,-1,-1,-1.0,-1.0,6-7 4-6
Sydney International,2000-01-10,International,Outdoor,Hard,2nd Round,3,Stoltenberg J.,Hrbaty D.,Stoltenberg J.,94,23,-1,-1,-1.0,-1.0,6-4 2-6 6-4
Sydney International,2000-01-10,International,Outdoor,Hard,2nd Round,3,Vacek D.,Voinea A.,Voinea A.,41,102,-1,-1,-1.0,-1.0,5-7 2-6
Sydney International,2000-01-10,International,Outdoor,Hard,Quarterfinals,3,Corretja A.,Dosedel S.,Corretja A.,28,69,-1,-1,-1.0,-1.0,3-6 7-5 6-3
Sydney International,2000-01-10,International,Outdoor,Hard,Quarterfinals,3,Voinea A.,Hewitt L.,Hewitt L.,102,21,-1,-1,-1.0,-1.0,3-6 4-6
Sydney International,2000-01-10,International,Outdoor,Hard,Quarterfinals,3,Ljubicic I.,Kucera K.,Ljubicic I.,79,17,-1,-1,-1.0,-1.0,6-3 3-6 7-5
Sydney International,2000-01-10,International,Outdoor,Hard,Quarterfinals,3,Lapentti N.,Stoltenberg J.,Stoltenberg J.,7,94,-1,-1,-1.0,-1.0,6-4 5-7 1-6
Sydney International,2000-01-10,International,Outdoor,Hard,Semifinals,3,Hewitt L.,Corretja A.,Hewitt L.,21,28,-1,-1,-1.0,-1.0,6-4 6-4
Sydney International,2000-01-10,International,Outdoor,Hard,Semifinals,3,Ljubicic I.,Stoltenberg J.,Stoltenberg J.,79,94,-1,-1,-1.0,-1.0,2-6 2-6
Sydney International,2000-01-10,International,Outdoor,Hard,The Final,3,Hewitt L.,Stoltenberg J.,Hewitt L.,21,94,-1,-1,-1.0,-1.0,6-4 6-0
Australian Open,2000-01-17,Grand Slam,Outdoor,Hard,1st Round,5,Puerta M.,Agassi A.,Agassi A.,112,1,-1,-1,-1.0,-1.0,2-6 2-6 3-6
Australian Open,2000-01-17,Grand Slam,Outdoor,Hard,1st Round,5,Alami K.,Manta L.,Alami K.,35,107,-1,-1,-1.0,-1.0,6-4 7-6 7-5
Australian Open,2000-01-17,Grand Slam,Outdoor,Hard,1st Round,5,Alonso J.,Arazi H.,Arazi H.,111,41,-1,-1,-1.0,-1.0,3-6 6-7 2-6
Australian Open,2000-01-17,Grand Slam,Outdoor,Hard,1st Round,5,Behrend T.,Meligeni F.,Behrend T.,106,28,-1,-1,-1.0,-1.0,6-2 4-6 6-7 6-3 6-0
Australian Open,2000-01-17,Grand Slam,Outdoor,Hard,1st Round,5,Stoltenberg J.,Bjorkman J.,Bjorkman J.,81,76,-1,-1,-1.0,-1.0,7-6 4-6 4-6 6-0 4-6
Australian Open,2000-01-17,Grand Slam,Outdoor,Hard,1st Round,5,Black W.,Gambill J.M.,Black W.,151,57,-1,-1,-1.0,-1.0,7-6 6-1 6-4
Australian Open,2000-01-17,Grand Slam,Outdoor,Hard,1st Round,5,Hrbaty D.,Clavet F.,Clavet F.,22,39,-1,-1,-1.0,-1.0,6-3 1-6 4-6 6-7
Australian Open,2000-01-17,Grand Slam,Outdoor,Hard,1st Round,5,Corretja A.,Sargsian S.,Corretja A.,30,51,-1,-1,-1.0,-1.0,7-6 6-4 6-4
Australian Open,2000-01-17,Grand Slam,Outdoor,Hard,1st Round,5,Boutter J.,Dosedel S.,Dosedel S.,155,64,-1,-1,-1.0,-1.0,6-7 7-5 3-6 5-7
Australian Open,2000-01-17,Grand Slam,Outdoor,Hard,1st Round,5,Dupuis A.,Rodriguez M.,Dupuis A.,98,119,-1,-1,-1.0,-1.0,6-4 6-4 7-6
Australian Open,2000-01-17,Grand Slam,Outdoor,Hard,1st Round,5,Parmar A.,El Aynaoui Y.,El Aynaoui Y.,257,29,-1,-1,-1.0,-1.0,7-6 6-7 6-1 3-6 1-6
Australian Open,2000-01-17,Grand Slam,Outdoor,Hard,1st Round,5,Escude N.,Courier J.,Escude N.,34,36,-1,-1,-1.0,-1.0,6-7 6-3 7-5 6-1
Australian Open,2000-01-17,Grand Slam,Outdoor,Hard,1st Round,5,Chang M.,Federer R.,Federer R.,38,62,-1,-1,-1.0,-1.0,4-6 4-6 6-7
Australian Open,2000-01-17,Grand Slam,Outdoor,Hard,1st Round,5,Ferreira W.,Bastl G.,Ferreira W.,53,78,-1,-1,-1.0,-1.0,6-3 6-3 4-6 7-6
Australian Open,2000-01-17,Grand Slam,Outdoor,Hard,1st Round,5,Draper S.,Ferrero J.C.,Ferrero J.C.,200,40,-1,-1,-1.0,-1.0,6-7 3-6 6-7
Australian Open,2000-01-17,Grand Slam,Outdoor,Hard,1st Round,5,Fromberg R.,Enqvist T.,Fromberg R.,80,6,-1,-1,-1.0,-1.0,6-4 7-6 4-6 3-6 10-8
Australian Open,2000-01-17,Grand Slam,Outdoor,Hard,1st Round,5,Motomura G.,Grosjean S.,Grosjean S.,148,26,-1,-1,-1.0,-1.0,3-6 3-6 2-6
Australian Open,2000-01-17,Grand Slam,Outdoor,Hard,1st Round,5,Haas T.,Saulnier C.,Haas T.,12,171,-1,-1,-1.0,-1.0,7-6 6-4 4-6 6-2
Australian Open,2000-01-17,Grand Slam,Outdoor,Hard,1st Round,5,Golmard J.,Henman T.,Henman T.,31,13,-1,-1,-1.0,-1.0,7-6 3-6 6-7 6-7
Australian Open,2000-01-17,Grand Slam,Outdoor,Hard,1st Round,5,Hewitt L.,Goldstein P.,Hewitt L.,17,87,-1,-1,-1.0,-1.0,6-2 6-7 7-6 6-4
Australian Open,2000-01-17,Grand Slam,Outdoor,Hard,1st Round,5,Karbacher B.,Hill M.,Hill M.,139,238,-1,-1,-1.0,-1.0,4-6 2-6 2-6
Australian Open,2000-01-17,Grand Slam,Outdoor,Hard,1st Round,5,Ilie A.,Tarango J.,Ilie A.,46,65,-1,-1,-1.0,-1.0,6-3 7-6 4-6 6-3
Australian Open,2000-01-17,Grand Slam,Outdoor,Hard,1st Round,5,Pioline C.,Ivanisevic G.,Ivanisevic G.,15,70,-1,-1,-1.0,-1.0,4-6 6-2 5-7 6-1 7-9
Australian Open,2000-01-17,Grand Slam,Outdoor,Hard,1st Round,5,Johansson T.,Kulti N.,Johansson T.,42,121,-1,-1,-1.0,-1.0,6-1 6-2 6-4
Australian Open,2000-01-17,Grand Slam,Outdoor,Hard,1st Round,5,Diaz J.,Jonsson F.,Jonsson F.,84,123,-1,-1,-1.0,-1.0,6-4 6-4 2-6 5-7 3-6
Australian Open,2000-01-17,Grand Slam,Outdoor,Hard,1st Round,5,Kafelnikov Y.,Knippschild J.,Kafelnikov Y.,2,85,-1,-1,-1.0,-1.0,6-7 6-4 6-1 6-2
Australian Open,2000-01-17,Grand Slam,Outdoor,Hard,1st Round,5,Canas G.,Kiefer N.,Kiefer N.,74,4,-1,-1,-1.0,-1.0,6-4 3-6 4-6 4-6
Australian Open,2000-01-17,Grand Slam,Outdoor,Hard,1st Round,5,Koubek S.,Cadart R.,Koubek S.,43,217,-1,-1,-1.0,-1.0,6-3 5-7 6-2 6-4
Australian Open,2000-01-17,Grand Slam,Outdoor,Hard,1st Round,5,Santoro F.,Krajicek R.,Krajicek R.,25,10,-1,-1,-1.0,-1.0,1-6 2-6 5-7
Australian Open,2000-01-17,Grand Slam,Outdoor,Hard,1st Round,5,Kroslak J.,Lopez-Moron A.,Kroslak J.,104,117,-1,-1,-1.0,-1.0,6-1 3-6 6-3 7-5
Australian Open,2000-01-17,Grand Slam,Outdoor,Hard,1st Round,5,Medvedev A.,Lapentti N.,Lapentti N.,32,7,-1,-1,-1.0,-1.0,3-6 7-5 7-6 4-6 6-8
Australian Open,2000-01-17,Grand Slam,Outdoor,Hard,1st Round,5,Llodra M.,Gaudio G.,Llodra M.,263,61,-1,-1,-1.0,-1.0,6-3 6-3 6-2
Australian Open,2000-01-17,Grand Slam,Outdoor,Hard,1st Round,5,Black B.,Martin T.,Martin T.,71,9,-1,-1,-1.0,-1.0,7-5 7-6 4-6 2-6 6-8
Australian Open,2000-01-17,Grand Slam,Outdoor,Hard,1st Round,5,Mirnyi M.,Agenor R.,Mirnyi M.,67,94,-1,-1,-1.0,-1.0,6-7 7-6 6-3 6-3
Australian Open,2000-01-17,Grand Slam,Outdoor,Hard,1st Round,5,Mamiit C.,Norman M.,Norman M.,97,11,-1,-1,-1.0,-1.0,5-7 4-6 6-3 3-6
Australian Open,2000-01-17,Grand Slam,Outdoor,Hard,1st Round,5,Novak J.,Hipfl M.,Novak J.,37,75,-1,-1,-1.0,-1.0,6-3 4-6 6-3 5-7 6-2
Australian Open,2000-01-17,Grand Slam,Outdoor,Hard,1st Round,5,Petrovic D.,Paes L.,Paes L.,201,137,-1,-1,-1.0,-1.0,2-6 6-3 6-7 4-6
Australian Open,2000-01-17,Grand Slam,Outdoor,Hard,1st Round,5,Philippoussis M.,Okun N.,Philippoussis M.,19,189,-1,-1,-1.0,-1.0,6-4 6-2 2-6 3-6 6-2
Australian Open,2000-01-17,Grand Slam,Outdoor,Hard,1st Round,5,Kuerten G.,Portas A.,Portas A.,5,91,-1,-1,-1.0,-1.0,6-4 6-4 4-6 6-7 4-6
Australian Open,2000-01-17,Grand Slam,Outdoor,Hard,1st Round,5,Pozzi G.,Zib T.,Pozzi G.,82,118,-1,-1,-1.0,-1.0,6-3 7-6 6-7 6-1
Australian Open,2000-01-17,Grand Slam,Outdoor,Hard,1st Round,5,O'Brien A.,Pretzsch A.,Pretzsch A.,162,115,-1,-1,-1.0,-1.0,6-7 2-6 1-6
Australian Open,2000-01-17,Grand Slam,Outdoor,Hard,1st Round,5,Rochus C.,Costa A.,Rochus C.,120,20,-1,-1,-1.0,-1.0,6-3 6-7 6-4 6-3
Australian Open,2000-01-17,Grand Slam,Outdoor,Hard,1st Round,5,Delgado J.,Rosset M.,Rosset M.,143,45,-1,-1,-1.0,-1.0,6-7 3-6 6-7
Australian Open,2000-01-17,Grand Slam,Outdoor,Hard,1st Round,5,Sampras P.,Arthurs W.,Sampras P.,3,105,-1,-1,-1.0,-1.0,6-4 7-5 6-4
Australian Open,2000-01-17,Grand Slam,Outdoor,Hard,1st Round,5,Blanco G.,Schalken S.,Schalken S.,77,47,-1,-1,-1.0,-1.0,6-7 4-6 6-7
Australian Open,2000-01-17,Grand Slam,Outdoor,Hard,1st Round,5,Schuettler R.,Marin J.A.,Schuettler R.,60,73,-1,-1,-1.0,-1.0,6-3 6-3 6-3
Australian Open,2000-01-17,Grand Slam,Outdoor,Hard,1st Round,5,Ljubicic I.,Sekulov J.,Sekulov J.,72,133,-1,-1,-1.0,-1.0,6-7 6-4 6-4 5-7 0-6
Australian Open,2000-01-17,Grand Slam,Outdoor,Hard,1st Round,5,Sluiter R.,Gaudenzi A.,Sluiter R.,166,88,-1,-1,-1.0,-1.0,3-6 6-1 3-6 6-3 13-11
Australian Open,2000-01-17,Grand Slam,Outdoor,Hard,1st Round,5,Sirianni J.,Squillari F.,Squillari F.,356,48,-1,-1,-1.0,-1.0,3-6 2-6 1-6
Australian Open,2000-01-17,Grand Slam,Outdoor,Hard,1st Round,5,Srichaphan P.,Kucera K.,Srichaphan P.,102,18,-1,-1,-1.0,-1.0,6-2 6-4 3-6 6-3
Australian Open,2000-01-17,Grand Slam,Outdoor,Hard,1st Round,5,Safin M.,Stafford G.,Stafford G.,23,472,-1,-1,-1.0,-1.0,6-7 4-6 1-6
Australian Open,2000-01-17,Grand Slam,Outdoor,Hard,1st Round,5,Tieleman L.,Martin A.,Tieleman L.,89,52,-1,-1,-1.0,-1.0,6-2 7-6 6-7 6-3
Australian Open,2000-01-17,Grand Slam,Outdoor,Hard,1st Round,5,Lareau S.,Tillstrom M.,Tillstrom M.,103,79,-1,-1,-1.0,-1.0,6-4 4-6 2-6 1-6
Australian Open,2000-01-17,Grand Slam,Outdoor,Hard,1st Round,5,Ullyett K.,Tabara M.,Ullyett K.,182,122,-1,-1,-1.0,-1.0,6-1 7-6 4-6 6-1
Australian Open,2000-01-17,Grand Slam,Outdoor,Hard,1st Round,5,Stanoytchev O.,Vacek D.,Vacek D.,109,44,-1,-1,-1.0,-1.0,6-1 6-7 6-7 2-6
Australian Open,2000-01-17,Grand Slam,Outdoor,Hard,1st Round,5,Vanek J.,Wessels P.,Vanek J.,153,114,-1,-1,-1.0,-1.0,6-4 6-3 2-6 7-6
Australian Open,2000-01-17,Grand Slam,Outdoor,Hard,1st Round,5,Berasategui A.,Vicente F.,Vicente F.,59,55,-1,-1,-1.0,-1.0,0-6 2-6 2-6
Australian Open,2000-01-17,Grand Slam,Outdoor,Hard,1st Round,5,Vinciguerra A.,Gumy H.,Vinciguerra A.,99,63,-1,-1,-1.0,-1.0,7-6 6-1 6-1
Australian Open,2000-01-17,Grand Slam,Outdoor,Hard,1st Round,5,Spadea V.,Voinea A.,Voinea A.,21,95,-1,-1,-1.0,-1.0,6-7 6-4 6-4 3-6 2-6
Australian Open,2000-01-17,Grand Slam,Outdoor,Hard,1st Round,5,Woodbridge T.,Siemerink J.,Woodbridge T.,204,93,-1,-1,-1.0,-1.0,6-4 6-1 6-3
Australian Open,2000-01-17,Grand Slam,Outdoor,Hard,1st Round,5,Sanguinetti D.,Woodforde M.,Woodforde M.,113,126,-1,-1,-1.0,-1.0,3-6 4-6 6-7
Australian Open,2000-01-17,Grand Slam,Outdoor,Hard,1st Round,5,Woodruff C.,Damm M.,Woodruff C.,56,92,-1,-1,-1.0,-1.0,6-3 7-6 6-3
Australian Open,2000-01-17,Grand Slam,Outdoor,Hard,1st Round,5,Mantilla F.,Zabaleta M.,Zabaleta M.,27,33,-1,-1,-1.0,-1.0,1-6 7-5 3-6 6-7
Australian Open,2000-01-17,Grand Slam,Outdoor,Hard,2nd Round,5,Agassi A.,Schalken S.,Agassi A.,1,47,-1,-1,-1.0,-1.0,7-5 6-0 6-3
Australian Open,2000-01-17,Grand Slam,Outdoor,Hard,2nd Round,5,Llodra M.,Alami K.,Alami K.,263,35,-1,-1,-1.0,-1.0,6-7 3-6 2-6
Australian Open,2000-01-17,Grand Slam,Outdoor,Hard,2nd Round,5,Arazi H.,Jonsson F.,Arazi H.,41,123,-1,-1,-1.0,-1.0,6-3 6-4 6-4
Australian Open,2000-01-17,Grand Slam,Outdoor,Hard,2nd Round,5,Vanek J.,Bjorkman J.,Bjorkman J.,153,76,-1,-1,-1.0,-1.0,4-6 6-3 4-6 6-7
Australian Open,2000-01-17,Grand Slam,Outdoor,Hard,2nd Round,5,Black W.,Rosset M.,Black W.,151,45,-1,-1,-1.0,-1.0,6-1 2-6 7-6 6-3
Australian Open,2000-01-17,Grand Slam,Outdoor,Hard,2nd Round,5,Ivanisevic G.,Clavet F.,Clavet F.,70,39,-1,-1,-1.0,-1.0,6-7 4-6 2-6
Australian Open,2000-01-17,Grand Slam,Outdoor,Hard,2nd Round,5,Dosedel S.,Srichaphan P.,Dosedel S.,64,102,-1,-1,-1.0,-1.0,4-6 6-2 6-4 6-1
Australian Open,2000-01-17,Grand Slam,Outdoor,Hard,2nd Round,5,Haas T.,El Aynaoui Y.,El Aynaoui Y.,12,29,-1,-1,-1.0,-1.0,5-7 3-6 3-6
Australian Open,2000-01-17,Grand Slam,Outdoor,Hard,2nd Round,5,Escude N.,Krajicek R.,Escude N.,34,10,-1,-1,-1.0,-1.0,2-6 6-3 6-1 6-3
Australian Open,2000-01-17,Grand Slam,Outdoor,Hard,2nd Round,5,Kroslak J.,Federer R.,Federer R.,104,62,-1,-1,-1.0,-1.0,6-7 2-6 3-6
Australian Open,2000-01-17,Grand Slam,Outdoor,Hard,2nd Round,5,Ferreira W.,Johansson T.,Ferreira W.,53,42,-1,-1,-1.0,-1.0,6-3 6-2 6-7 4-6 6-2
Australian Open,2000-01-17,Grand Slam,Outdoor,Hard,2nd Round,5,Tieleman L.,Ferrero J.C.,Ferrero J.C.,89,40,-1,-1,-1.0,-1.0,6-7 4-6 7-5 7-6 4-6
Australian Open,2000-01-17,Grand Slam,Outdoor,Hard,2nd Round,5,Fromberg R.,Pretzsch A.,Fromberg R.,80,115,-1,-1,-1.0,-1.0,7-6 7-6 6-4
Australian Open,2000-01-17,Grand Slam,Outdoor,Hard,2nd Round,5,Hill M.,Grosjean S.,Grosjean S.,238,26,-1,-1,-1.0,-1.0,6-4 1-6 6-7 0-6
Australian Open,2000-01-17,Grand Slam,Outdoor,Hard,2nd Round,5,Hewitt L.,Corretja A.,Hewitt L.,17,30,-1,-1,-1.0,-1.0,6-0 6-0 6-1
Australian Open,2000-01-17,Grand Slam,Outdoor,Hard,2nd Round,5,Novak J.,Ilie A.,Ilie A.,37,46,-1,-1,-1.0,-1.0,3-6 6-7 7-6 4-6
Australian Open,2000-01-17,Grand Slam,Outdoor,Hard,2nd Round,5,Kafelnikov Y.,Vacek D.,Kafelnikov Y.,2,44,-1,-1,-1.0,-1.0,6-3 6-0 6-1
Australian Open,2000-01-17,Grand Slam,Outdoor,Hard,2nd Round,5,Behrend T.,Kiefer N.,Kiefer N.,106,4,-1,-1,-1.0,-1.0,6-7 0-6 2-6
Australian Open,2000-01-17,Grand Slam,Outdoor,Hard,2nd Round,5,Koubek S.,Stafford G.,Koubek S.,43,472,-1,-1,-1.0,-1.0,5-7 7-5 2-6 6-2 6-3
Australian Open,2000-01-17,Grand Slam,Outdoor,Hard,2nd Round,5,Dupuis A.,Mirnyi M.,Mirnyi M.,98,67,-1,-1,-1.0,-1.0,7-6 6-7 6-7 6-7
Australian Open,2000-01-17,Grand Slam,Outdoor,Hard,2nd Round,5,Norman M.,Pozzi G.,Norman M.,11,82,-1,-1,-1.0,-1.0,6-4 6-3 6-4
Australian Open,2000-01-17,Grand Slam,Outdoor,Hard,2nd Round,5,Sluiter R.,Philippoussis M.,Philippoussis M.,166,19,-1,-1,-1.0,-1.0,1-6 6-2 6-7 1-6
Australian Open,2000-01-17,Grand Slam,Outdoor,Hard,2nd Round,5,Rochus C.,Ullyett K.,Rochus C.,120,182,-1,-1,-1.0,-1.0,6-4 6-4 6-3
Australian Open,2000-01-17,Grand Slam,Outdoor,Hard,2nd Round,5,Tillstrom M.,Sampras P.,Sampras P.,79,3,-1,-1,-1.0,-1.0,3-6 6-7 1-6
Australian Open,2000-01-17,Grand Slam,Outdoor,Hard,2nd Round,5,Squillari F.,Woodforde M.,Squillari F.,48,126,-1,-1,-1.0,-1.0,6-4 7-6 3-6 6-4
Australian Open,2000-01-17,Grand Slam,Outdoor,Hard,2nd Round,5,Martin T.,Vicente F.,Vicente F.,9,55,-1,-1,-1.0,-1.0,4-6 6-2 6-3 3-6 5-7
Australian Open,2000-01-17,Grand Slam,Outdoor,Hard,2nd Round,5,Vinciguerra A.,Paes L.,Vinciguerra A.,99,137,-1,-1,-1.0,-1.0,7-6 6-4 6-3
Australian Open,2000-01-17,Grand Slam,Outdoor,Hard,2nd Round,5,Portas A.,Voinea A.,Voinea A.,91,95,-1,-1,-1.0,-1.0,2-6 1-6 3-6
Australian Open,2000-01-17,Grand Slam,Outdoor,Hard,2nd Round,5,Woodruff C.,Sekulov J.,Woodruff C.,56,133,-1,-1,-1.0,-1.0,6-3 6-2 6-2
Australian Open,2000-01-17,Grand Slam,Outdoor,Hard,2nd Round,5,Woodbridge T.,Zabaleta M.,Zabaleta M.,204,33,-1,-1,-1.0,-1.0,6-7 6-4 1-6 4-6
Australian Open,2000-01-17,Grand Slam,Outdoor,Hard,3rd Round,5,Agassi A.,Zabaleta M.,Agassi A.,1,33,-1,-1,-1.0,-1.0,6-4 6-4 6-2
Australian Open,2000-01-17,Grand Slam,Outdoor,Hard,3rd Round,5,Vicente F.,Arazi H.,Arazi H.,55,41,-1,-1,-1.0,-1.0,3-6 3-6 2-6
Australian Open,2000-01-17,Grand Slam,Outdoor,Hard,3rd Round,5,Clement A.,Federer R.,Clement A.,54,62,-1,-1,-1.0,-1.0,6-1 6-4 6-3
Australian Open,2000-01-17,Grand Slam,Outdoor,Hard,3rd Round,5,Squillari F.,Dosedel S.,Dosedel S.,48,64,-1,-1,-1.0,-1.0,5-7 2-6 3-6
Australian Open,2000-01-17,Grand Slam,Outdoor,Hard,3rd Round,5,El Aynaoui Y.,Ferrero J.C.,El Aynaoui Y.,29,40,-1,-1,-1.0,-1.0,7-6 4-6 4-6 7-6 6-4
Australian Open,2000-01-17,Grand Slam,Outdoor,Hard,3rd Round,5,Vinciguerra A.,Escude N.,Escude N.,99,34,-1,-1,-1.0,-1.0,4-6 4-6 3-6
Australian Open,2000-01-17,Grand Slam,Outdoor,Hard,3rd Round,5,Ferreira W.,Clavet F.,Ferreira W.,53,39,-1,-1,-1.0,-1.0,6-3 6-4 3-6 6-3
Australian Open,2000-01-17,Grand Slam,Outdoor,Hard,3rd Round,5,Grosjean S.,Henman T.,Henman T.,26,13,-1,-1,-1.0,-1.0,1-6 4-6 6-4 6-7
Australian Open,2000-01-17,Grand Slam,Outdoor,Hard,3rd Round,5,Hewitt L.,Voinea A.,Hewitt L.,17,95,-1,-1,-1.0,-1.0,6-2 7-5 6-3
Australian Open,2000-01-17,Grand Slam,Outdoor,Hard,3rd Round,5,Koubek S.,Kafelnikov Y.,Kafelnikov Y.,43,2,-1,-1,-1.0,-1.0,3-6 3-6 4-6
Australian Open,2000-01-17,Grand Slam,Outdoor,Hard,3rd Round,5,Kiefer N.,Alami K.,Kiefer N.,4,35,-1,-1,-1.0,-1.0,6-3 6-4 6-2
Australian Open,2000-01-17,Grand Slam,Outdoor,Hard,3rd Round,5,Bjorkman J.,Norman M.,Norman M.,76,11,-1,-1,-1.0,-1.0,4-6 4-6 6-7
Australian Open,2000-01-17,Grand Slam,Outdoor,Hard,3rd Round,5,Philippoussis M.,Ilie A.,Philippoussis M.,19,46,-1,-1,-1.0,-1.0,6-4 7-6 6-1
Australian Open,2000-01-17,Grand Slam,Outdoor,Hard,3rd Round,5,Mirnyi M.,Rochus C.,Rochus C.,67,120,-1,-1,-1.0,-1.0,6-3 4-6 3-6 6-7
Australian Open,2000-01-17,Grand Slam,Outdoor,Hard,3rd Round,5,Sampras P.,Black W.,Sampras P.,3,151,-1,-1,-1.0,-1.0,6-7 3-6 6-3 7-5 6-3
Australian Open,2000-01-17,Grand Slam,Outdoor,Hard,3rd Round,5,Fromberg R.,Woodruff C.,Woodruff C.,80,56,-1,-1,-1.0,-1.0,1-6 4-6 6-7
Australian Open,2000-01-17,Grand Slam,Outdoor,Hard,4th Round,5,Agassi A.,Philippoussis M.,Agassi A.,1,19,-1,-1,-1.0,-1.0,6-4 7-6 5-7 6-3
Australian Open,2000-01-17,Grand Slam,Outdoor,Hard,4th Round,5,Escude N.,Arazi H.,Arazi H.,34,41,-1,-1,-1.0,-1.0,4-6 3-6 6-7
Australian Open,2000-01-17,Grand Slam,Outdoor,Hard,4th Round,5,El Aynaoui Y.,Clement A.,El Aynaoui Y.,29,54,-1,-1,-1.0,-1.0,3-6 6-3 6-4 3-6 10-8
Australian Open,2000-01-17,Grand Slam,Outdoor,Hard,4th Round,5,Rochus C.,Kafelnikov Y.,Kafelnikov Y.,120,2,-1,-1,-1.0,-1.0,1-6 3-6 5-7
Australian Open,2000-01-17,Grand Slam,Outdoor,Hard,4th Round,5,Kiefer N.,Ferreira W.,Kiefer N.,4,53,-1,-1,-1.0,-1.0,6-3 6-4 6-2
Australian Open,2000-01-17,Grand Slam,Outdoor,Hard,4th Round,5,Hewitt L.,Norman M.,Norman M.,17,11,-1,-1,-1.0,-1.0,3-6 1-6 6-7
Australian Open,2000-01-17,Grand Slam,Outdoor,Hard,4th Round,5,Sampras P.,Dosedel S.,Sampras P.,3,64,-1,-1,-1.0,-1.0,6-1 6-2 3-6 6-1
Australian Open,2000-01-17,Grand Slam,Outdoor,Hard,4th Round,5,Henman T.,Woodruff C.,Woodruff C.,13,56,-1,-1,-1.0,-1.0,5-7 6-1 4-6 6-3 5-7
Australian Open,2000-01-17,Grand Slam,Outdoor,Hard,Quarterfinals,5,Agassi A.,Arazi H.,Agassi A.,1,41,-1,-1,-1.0,-1.0,6-4 6-4 6-2
Australian Open,2000-01-17,Grand Slam,Outdoor,Hard,Quarterfinals,5,El Aynaoui Y.,Kafelnikov Y.,Kafelnikov Y.,29,2,-1,-1,-1.0,-1.0,0-6 3-6 6-7
Australian Open,2000-01-17,Grand Slam,Outdoor,Hard,Quarterfinals,5,Norman M.,Kiefer N.,Norman M.,11,4,-1,-1,-1.0,-1.0,3-6 6-3 6-1 7-6
Australian Open,2000-01-17,Grand Slam,Outdoor,Hard,Quarterfinals,5,Woodruff C.,Sampras P.,Sampras P.,56,3,-1,-1,-1.0,-1.0,5-7 3-6 3-6
Australian Open,2000-01-17,Grand Slam,Outdoor,Hard,Semifinals,5,Agassi A.,Sampras P.,Agassi A.,1,3,-1,-1,-1.0,-1.0,6-4 3-6 6-7 7-6 6-1
Australian Open,2000-01-17,Grand Slam,Outdoor,Hard,Semifinals,5,Norman M.,Kafelnikov Y.,Kafelnikov Y.,11,2,-1,-1,-1.0,-1.0,1-6 2-6 4-6
Australian Open,2000-01-17,Grand Slam,Outdoor,Hard,The Final,5,Agassi A.,Kafelnikov Y.,Agassi A.,1,2,-1,-1,-1.0,-1.0,3-6 6-3 6-2 6-4
Dubai Open,2000-02-07,International,Outdoor,Hard,1st Round,3,Norman M.,Alami K.,Alami K.,6,34,-1,-1,-1.0,-1.0,6-7 5-7
Dubai Open,2000-02-07,International,Outdoor,Hard,1st Round,3,Arazi H.,Schuettler R.,Arazi H.,27,57,-1,-1,-1.0,-1.0,6-2 6-3
Dubai Open,2000-02-07,International,Outdoor,Hard,1st Round,3,Vacek D.,Black W.,Black W.,45,153,-1,-1,-1.0,-1.0,2-6 3-6
Dubai Open,2000-02-07,International,Outdoor,Hard,1st Round,3,Blanco G.,Schalken S.,Blanco G.,78,49,-1,-1,-1.0,-1.0,6-3 6-3
Dubai Open,2000-02-07,International,Outdoor,Hard,1st Round,3,Berasategui A.,Costa A.,Costa A.,59,18,-1,-1,-1.0,-1.0,4-6 5-7
Dubai Open,2000-02-07,International,Outdoor,Hard,1st Round,3,El Aynaoui Y.,Ilie A.,El Aynaoui Y.,21,50,-1,-1,-1.0,-1.0,6-3 6-3
Dubai Open,2000-02-07,International,Outdoor,Hard,1st Round,3,Damm M.,Ferrero J.C.,Ferrero J.C.,108,39,-1,-1,-1.0,-1.0,3-6 6-7
Dubai Open,2000-02-07,International,Outdoor,Hard,1st Round,3,Golmard J.,Clavet F.,Golmard J.,33,37,-1,-1,-1.0,-1.0,6-4 4-6 6-1
Dubai Open,2000-02-07,International,Outdoor,Hard,1st Round,3,Burgsmuller L.,Kiefer N.,Kiefer N.,160,4,-1,-1,-1.0,-1.0,1-6 6-2 4-6
Dubai Open,2000-02-07,International,Outdoor,Hard,1st Round,3,Koubek S.,Marin J.A.,Koubek S.,40,72,-1,-1,-1.0,-1.0,6-3 6-2
Dubai Open,2000-02-07,International,Outdoor,Hard,1st Round,3,Gross O.,Lapentti N.,Lapentti N.,173,9,-1,-1,-1.0,-1.0,3-6 2-6
Dubai Open,2000-02-07,International,Outdoor,Hard,1st Round,3,Mantilla F.,Black B.,Mantilla F.,25,70,-1,-1,-1.0,-1.0,7-6 6-2
Dubai Open,2000-02-07,International,Outdoor,Hard,1st Round,3,Tarango J.,Martin A.,Martin A.,76,52,-1,-1,-1.0,-1.0,7-6 2-6 2-6
Dubai Open,2000-02-07,International,Outdoor,Hard,1st Round,3,Novak J.,Alvarez E.,Novak J.,43,141,-1,-1,-1.0,-1.0,6-3 1-6 6-1
Dubai Open,2000-02-07,International,Outdoor,Hard,1st Round,3,Prinosil D.,Pavel A.,Pavel A.,68,61,-1,-1,-1.0,-1.0,2-6 2-6
Dubai Open,2000-02-07,International,Outdoor,Hard,1st Round,3,Vicente F.,Paes L.,Vicente F.,47,140,-1,-1,-1.0,-1.0,6-0 4-6 6-3
Dubai Open,2000-02-07,International,Outdoor,Hard,2nd Round,3,Vicente F.,Alami K.,Alami K.,47,34,-1,-1,-1.0,-1.0,4-6 6-3 1-6
Dubai Open,2000-02-07,International,Outdoor,Hard,2nd Round,3,Costa A.,Koubek S.,Costa A.,18,40,-1,-1,-1.0,-1.0,6-0 6-4
Dubai Open,2000-02-07,International,Outdoor,Hard,2nd Round,3,Blanco G.,El Aynaoui Y.,El Aynaoui Y.,78,21,-1,-1,-1.0,-1.0,4-6 6-1 0-6
Dubai Open,2000-02-07,International,Outdoor,Hard,2nd Round,3,Ferrero J.C.,Lapentti N.,Ferrero J.C.,39,9,-1,-1,-1.0,-1.0,6-4 6-3
Dubai Open,2000-02-07,International,Outdoor,Hard,2nd Round,3,Pavel A.,Golmard J.,Golmard J.,61,33,-1,-1,-1.0,-1.0,6-3 4-6 6-7
Dubai Open,2000-02-07,International,Outdoor,Hard,2nd Round,3,Kiefer N.,Martin A.,Kiefer N.,4,52,-1,-1,-1.0,-1.0,6-3 5-7 6-0
Dubai Open,2000-02-07,International,Outdoor,Hard,2nd Round,3,Black W.,Mantilla F.,Mantilla F.,153,25,-1,-1,-1.0,-1.0,1-6 3-6
Dubai Open,2000-02-07,International,Outdoor,Hard,2nd Round,3,Novak J.,Arazi H.,Novak J.,43,27,-1,-1,-1.0,-1.0,6-4 1-6 6-0
Dubai Open,2000-02-07,International,Outdoor,Hard,Quarterfinals,3,Novak J.,Alami K.,Alami K.,43,34,-1,-1,-1.0,-1.0,4-6 2-6
Dubai Open,2000-02-07,International,Outdoor,Hard,Quarterfinals,3,Costa A.,El Aynaoui Y.,Costa A.,18,21,-1,-1,-1.0,-1.0,6-2 6-4
Dubai Open,2000-02-07,International,Outdoor,Hard,Quarterfinals,3,Mantilla F.,Ferrero J.C.,Ferrero J.C.,25,39,-1,-1,-1.0,-1.0,3-6 6-4 6-7
Dubai Open,2000-02-07,International,Outdoor,Hard,Quarterfinals,3,Kiefer N.,Golmard J.,Kiefer N.,4,33,-1,-1,-1.0,-1.0,6-3 7-6
Dubai Open,2000-02-07,International,Outdoor,Hard,Semifinals,3,Alami K.,Ferrero J.C.,Ferrero J.C.,34,39,-1,-1,-1.0,-1.0,6-7 3-6
Dubai Open,2000-02-07,International,Outdoor,Hard,Semifinals,3,Kiefer N.,Costa A.,Kiefer N.,4,18,-1,-1,-1.0,-1.0,6-2 6-0
Dubai Open,2000-02-07,International,Outdoor,Hard,The Final,3,Ferrero J.C.,Kiefer N.,Kiefer N.,39,4,-1,-1,-1.0,-1.0,5-7 6-4 3-6
Marseille Open,2000-02-07,International,Indoor,Hard,1st Round,3,Clement A.,Pretzsch A.,Clement A.,51,118,-1,-1,-1.0,-1.0,6-0 4-6 6-3
Marseille Open,2000-02-07,International,Indoor,Hard,1st Round,3,Bjorkman J.,Diaz J.,Diaz J.,65,87,-1,-1,-1.0,-1.0,5-7 2-6
Marseille Open,2000-02-07,International,Indoor,Hard,1st Round,3,Enqvist T.,Portas A.,Enqvist T.,12,85,-1,-1,-1.0,-1.0,7-5 5-7 6-1
Marseille Open,2000-02-07,International,Indoor,Hard,1st Round,3,Dupuis A.,Federer R.,Federer R.,93,67,-1,-1,-1.0,-1.0,4-6 4-6
Marseille Open,2000-02-07,International,Indoor,Hard,1st Round,3,Grosjean S.,di Pasquale A.,Grosjean S.,20,54,-1,-1,-1.0,-1.0,7-6 6-1
Marseille Open,2000-02-07,International,Indoor,Hard,1st Round,3,Stanoytchev O.,Guardiola T.,Guardiola T.,107,147,-1,-1,-1.0,-1.0,3-6 6-1 4-6
Marseille Open,2000-02-07,International,Indoor,Hard,1st Round,3,Ivanisevic G.,Saulnier C.,Ivanisevic G.,63,167,-1,-1,-1.0,-1.0,6-7 7-6 6-0
Marseille Open,2000-02-07,International,Indoor,Hard,1st Round,3,Bastl G.,Johansson T.,Johansson T.,74,41,-1,-1,-1.0,-1.0,0-6 6-7
Marseille Open,2000-02-07,International,Indoor,Hard,1st Round,3,Kafelnikov Y.,Pozzi G.,Kafelnikov Y.,3,89,-1,-1,-1.0,-1.0,1-6 6-4 6-4
Marseille Open,2000-02-07,International,Indoor,Hard,1st Round,3,Hrbaty D.,Kroslak J.,Kroslak J.,24,114,-1,-1,-1.0,-1.0,6-7 4-6
Marseille Open,2000-02-07,International,Indoor,Hard,1st Round,3,Ljubicic I.,Voinea A.,Ljubicic I.,69,80,-1,-1,-1.0,-1.0,6-3 7-6
Marseille Open,2000-02-07,International,Indoor,Hard,1st Round,3,Arthurs W.,Rosset M.,Rosset M.,106,77,-1,-1,-1.0,-1.0,3-6 3-6
Marseille Open,2000-02-07,International,Indoor,Hard,1st Round,3,Santoro F.,Wessels P.,Santoro F.,38,110,-1,-1,-1.0,-1.0,7-5 6-2
Marseille Open,2000-02-07,International,Indoor,Hard,1st Round,3,Raoux G.,Siemerink J.,Siemerink J.,186,91,-1,-1,-1.0,-1.0,6-7 6-2 6-7
Marseille Open,2000-02-07,International,Indoor,Hard,1st Round,3,Vinciguerra A.,Safin M.,Vinciguerra A.,84,23,-1,-1,-1.0,-1.0,6-3 6-3
Marseille Open,2000-02-07,International,Indoor,Hard,2nd Round,3,Johansson T.,Federer R.,Federer R.,41,67,-1,-1,-1.0,-1.0,3-6 2-6
Marseille Open,2000-02-07,International,Indoor,Hard,2nd Round,3,Grosjean S.,Roux L.,Grosjean S.,20,203,-1,-1,-1.0,-1.0,6-4 3-6 6-4
Marseille Open,2000-02-07,International,Indoor,Hard,2nd Round,3,Kroslak J.,Guardiola T.,Guardiola T.,114,147,-1,-1,-1.0,-1.0,3-6 3-6
Marseille Open,2000-02-07,International,Indoor,Hard,2nd Round,3,Ivanisevic G.,Enqvist T.,Ivanisevic G.,63,12,-1,-1,-1.0,-1.0,6-4 6-3
Marseille Open,2000-02-07,International,Indoor,Hard,2nd Round,3,Kafelnikov Y.,Ljubicic I.,Ljubicic I.,3,69,-1,-1,-1.0,-1.0,6-7 3-6
Marseille Open,2000-02-07,International,Indoor,Hard,2nd Round,3,Rosset M.,Clement A.,Rosset M.,77,51,-1,-1,-1.0,-1.0,6-4 7-5
Marseille Open,2000-02-07,International,Indoor,Hard,2nd Round,3,Siemerink J.,Santoro F.,Santoro F.,91,38,-1,-1,-1.0,-1.0,4-6 6-1 2-6
Marseille Open,2000-02-07,International,Indoor,Hard,2nd Round,3,Vinciguerra A.,Diaz J.,Vinciguerra A.,84,87,-1,-1,-1.0,-1.0,7-6 6-2
Marseille Open,2000-02-07,International,Indoor,Hard,Quarterfinals,3,Ljubicic I.,Federer R.,Federer R.,69,67,-1,-1,-1.0,-1.0,2-6 6-3 6-7
Marseille Open,2000-02-07,International,Indoor,Hard,Quarterfinals,3,Grosjean S.,Vinciguerra A.,Grosjean S.,20,84,-1,-1,-1.0,-1.0,6-4 6-4
Marseille Open,2000-02-07,International,Indoor,Hard,Quarterfinals,3,Ivanisevic G.,Rosset M.,Rosset M.,63,77,-1,-1,-1.0,-1.0,4-6 6-3 2-6
Marseille Open,2000-02-07,International,Indoor,Hard,Quarterfinals,3,Santoro F.,Guardiola T.,Santoro F.,38,147,-1,-1,-1.0,-1.0,6-4 7-6
Marseille Open,2000-02-07,International,Indoor,Hard,Semifinals,3,Santoro F.,Federer R.,Federer R.,38,67,-1,-1,-1.0,-1.0,6-7 5-7
Marseille Open,2000-02-07,International,Indoor,Hard,Semifinals,3,Rosset M.,Grosjean S.,Rosset M.,77,20,-1,-1,-1.0,-1.0,6-3 6-3
Marseille Open,2000-02-07,International,Indoor,Hard,The Final,3,Federer R.,Rosset M.,Rosset M.,67,77,-1,-1,-1.0,-1.0,6-2 3-6 6-7
Sybase Open,2000-02-07,International,Indoor,Hard,1st Round,3,Agenor R.,King P.,Agenor R.,94,587,-1,-1,-1.0,-1.0,7-5 6-2
Sybase Open,2000-02-07,International,Indoor,Hard,1st Round,3,Srichaphan P.,Chang M.,Chang M.,96,42,-1,-1,-1.0,-1.0,5-7 4-6
Sybase Open,2000-02-07,International,Indoor,Hard,1st Round,3,Courier J.,Taino E.,Courier J.,44,397,-1,-1,-1.0,-1.0,6-3 6-4
Sybase Open,2000-02-07,International,Indoor,Hard,1st Round,3,Salzenstein J.,Ferreira W.,Ferreira W.,698,53,-1,-1,-1.0,-1.0,4-6 4-6
Sybase Open,2000-02-07,International,Indoor,Hard,1st Round,3,Gimelstob J.,Gambill J.M.,Gimelstob J.,95,55,-1,-1,-1.0,-1.0,7-6 6-2
Sybase Open,2000-02-07,International,Indoor,Hard,1st Round,3,Blake J.,Goldstein P.,Goldstein P.,241,98,-1,-1,-1.0,-1.0,3-6 6-7
Sybase Open,2000-02-07,International,Indoor,Hard,1st Round,3,Gumy H.,Woodbridge T.,Gumy H.,64,179,-1,-1,-1.0,-1.0,6-4 6-2
Sybase Open,2000-02-07,International,Indoor,Hard,1st Round,3,Rodriguez M.,Larsson M.,Larsson M.,127,82,-1,-1,-1.0,-1.0,2-6 1-6
Sybase Open,2000-02-07,International,Indoor,Hard,1st Round,3,Liukko V.,Tieleman L.,Liukko V.,188,99,-1,-1,-1.0,-1.0,7-5 6-3
Sybase Open,2000-02-07,International,Indoor,Hard,1st Round,3,Fromberg R.,Malisse X.,Malisse X.,71,143,-1,-1,-1.0,-1.0,6-7 6-0 4-6
Sybase Open,2000-02-07,International,Indoor,Hard,1st Round,3,Mamiit C.,Alonso J.,Mamiit C.,97,117,-1,-1,-1.0,-1.0,6-4 6-4
Sybase Open,2000-02-07,International,Indoor,Hard,1st Round,3,Canas G.,Philippoussis M.,Philippoussis M.,73,17,-1,-1,-1.0,-1.0,6-7 6-4 6-7
Sybase Open,2000-02-07,International,Indoor,Hard,1st Round,3,Sargsian S.,van Lottum J.,Sargsian S.,60,66,-1,-1,-1.0,-1.0,6-2 6-3
Sybase Open,2000-02-07,International,Indoor,Hard,1st Round,3,Squillari F.,Tillstrom M.,Tillstrom M.,46,79,-1,-1,-1.0,-1.0,5-7 5-7
Sybase Open,2000-02-07,International,Indoor,Hard,1st Round,3,Woodforde M.,Humphries S.,Woodforde M.,125,584,-1,-1,-1.0,-1.0,6-4 6-4
Sybase Open,2000-02-07,International,Indoor,Hard,1st Round,3,Massu N.,Zib T.,Zib T.,100,120,-1,-1,-1.0,-1.0,4-6 2-6
Sybase Open,2000-02-07,International,Indoor,Hard,2nd Round,3,Chang M.,Mamiit C.,Chang M.,42,97,-1,-1,-1.0,-1.0,6-2 6-3
Sybase Open,2000-02-07,International,Indoor,Hard,2nd Round,3,Gumy H.,Courier J.,Courier J.,64,44,-1,-1,-1.0,-1.0,5-7 7-6 6-7
Sybase Open,2000-02-07,International,Indoor,Hard,2nd Round,3,Ferreira W.,Liukko V.,Ferreira W.,53,188,-1,-1,-1.0,-1.0,6-3 6-3
Sybase Open,2000-02-07,International,Indoor,Hard,2nd Round,3,Zib T.,Gimelstob J.,Gimelstob J.,120,95,-1,-1,-1.0,-1.0,4-6 6-7
Sybase Open,2000-02-07,International,Indoor,Hard,2nd Round,3,Goldstein P.,Malisse X.,Goldstein P.,98,143,-1,-1,-1.0,-1.0,6-2 3-6 7-5
Sybase Open,2000-02-07,International,Indoor,Hard,2nd Round,3,Woodforde M.,Larsson M.,Larsson M.,125,82,-1,-1,-1.0,-1.0,3-6 6-3 3-6
Sybase Open,2000-02-07,International,Indoor,Hard,2nd Round,3,Philippoussis M.,Agenor R.,Philippoussis M.,17,94,-1,-1,-1.0,-1.0,6-3 6-4
Sybase Open,2000-02-07,International,Indoor,Hard,2nd Round,3,Sargsian S.,Tillstrom M.,Tillstrom M.,60,79,-1,-1,-1.0,-1.0,6-4 6-7 4-6
Sybase Open,2000-02-07,International,Indoor,Hard,Quarterfinals,3,Courier J.,Goldstein P.,Courier J.,44,98,-1,-1,-1.0,-1.0,6-4 6-4
Sybase Open,2000-02-07,International,Indoor,Hard,Quarterfinals,3,Larsson M.,Ferreira W.,Ferreira W.,82,53,-1,-1,-1.0,-1.0,6-4 3-6 4-6
Sybase Open,2000-02-07,International,Indoor,Hard,Quarterfinals,3,Philippoussis M.,Gimelstob J.,Philippoussis M.,17,95,-1,-1,-1.0,-1.0,7-6 6-4
Sybase Open,2000-02-07,International,Indoor,Hard,Quarterfinals,3,Chang M.,Tillstrom M.,Tillstrom M.,42,79,-1,-1,-1.0,-1.0,6-2 3-6 3-6
Sybase Open,2000-02-07,International,Indoor,Hard,Semifinals,3,Philippoussis M.,Courier J.,Philippoussis M.,17,44,-1,-1,-1.0,-1.0,4-6 6-3 6-4
Sybase Open,2000-02-07,International,Indoor,Hard,Semifinals,3,Ferreira W.,Tillstrom M.,Tillstrom M.,53,79,-1,-1,-1.0,-1.0,6-7 6-2 3-6
Sybase Open,2000-02-07,International,Indoor,Hard,The Final,3,Philippoussis M.,Tillstrom M.,Philippoussis M.,17,79,-1,-1,-1.0,-1.0,7-5 4-6 6-3
Kroger St. Jude,2000-02-14,International Gold,Indoor,Hard,1st Round,3,Sekulov J.,Levy H.,Levy H.,123,175,-1,-1,-1.0,-1.0,4-6 1-6
Kroger St. Jude,2000-02-14,International Gold,Indoor,Hard,1st Round,3,MacPhie B.,Manta L.,MacPhie B.,419,104,-1,-1,-1.0,-1.0,6-3 3-6 6-3
Kroger St. Jude,2000-02-14,International Gold,Indoor,Hard,1st Round,3,Jensen L.,Mamiit C.,Mamiit C.,-1,135,-1,-1,-1.0,-1.0,5-7 2-6
Kroger St. Jude,2000-02-14,International Gold,Indoor,Hard,1st Round,3,Massu N.,Etlis G.,Massu N.,99,126,-1,-1,-1.0,-1.0,7-5 6-1
Kroger St. Jude,2000-02-14,International Gold,Indoor,Hard,1st Round,3,Behrend T.,Popp A.,Popp A.,100,109,-1,-1,-1.0,-1.0,1-6 5-7
Kroger St. Jude,2000-02-14,International Gold,Indoor,Hard,1st Round,3,Pretzsch A.,Knowles M.,Pretzsch A.,131,227,-1,-1,-1.0,-1.0,6-4 6-3
Kroger St. Jude,2000-02-14,International Gold,Indoor,Hard,1st Round,3,Goldstein P.,Reneberg R.,Reneberg R.,94,204,-1,-1,-1.0,-1.0,4-6 2-6
Kroger St. Jude,2000-02-14,International Gold,Indoor,Hard,1st Round,3,Rodriguez M.,Gimelstob J.,Rodriguez M.,127,95,-1,-1,-1.0,-1.0,7-6 7-6
Kroger St. Jude,2000-02-14,International Gold,Indoor,Hard,1st Round,3,Agenor R.,Sa A.,Sa A.,90,118,-1,-1,-1.0,-1.0,4-6 1-6
Kroger St. Jude,2000-02-14,International Gold,Indoor,Hard,1st Round,3,Salzenstein J.,Jonsson F.,Salzenstein J.,596,122,-1,-1,-1.0,-1.0,7-6 6-1
Kroger St. Jude,2000-02-14,International Gold,Indoor,Hard,1st Round,3,Dupuis A.,Sanguinetti D.,Sanguinetti D.,93,113,-1,-1,-1.0,-1.0,6-7 1-6
Kroger St. Jude,2000-02-14,International Gold,Indoor,Hard,1st Round,3,Srichaphan P.,Caratti C.,Srichaphan P.,96,176,-1,-1,-1.0,-1.0,4-6 6-3 6-4
Kroger St. Jude,2000-02-14,International Gold,Indoor,Hard,1st Round,3,Lareau S.,Stanoytchev O.,Stanoytchev O.,106,105,-1,-1,-1.0,-1.0,6-7 6-3 6-7
Kroger St. Jude,2000-02-14,International Gold,Indoor,Hard,1st Round,3,Tieleman L.,Bryan B.,Tieleman L.,97,193,-1,-1,-1.0,-1.0,6-4 3-6 6-3
Kroger St. Jude,2000-02-14,International Gold,Indoor,Hard,1st Round,3,Alonso J.,Woodforde M.,Woodforde M.,116,125,-1,-1,-1.0,-1.0,4-6 2-6
Kroger St. Jude,2000-02-14,International Gold,Indoor,Hard,1st Round,3,Zib T.,Hantschk M.,Zib T.,112,101,-1,-1,-1.0,-1.0,6-3 7-6
Kroger St. Jude,2000-02-14,International Gold,Indoor,Hard,2nd Round,3,Rodriguez M.,Black B.,Black B.,127,76,-1,-1,-1.0,-1.0,2-6 3-6
Kroger St. Jude,2000-02-14,International Gold,Indoor,Hard,2nd Round,3,Chang M.,Pretzsch A.,Chang M.,43,131,-1,-1,-1.0,-1.0,5-7 6-2 6-1
Kroger St. Jude,2000-02-14,International Gold,Indoor,Hard,2nd Round,3,Popp A.,Ferreira W.,Ferreira W.,109,46,-1,-1,-1.0,-1.0,5-7 5-7
Kroger St. Jude,2000-02-14,International Gold,Indoor,Hard,2nd Round,3,Fromberg R.,Sanguinetti D.,Fromberg R.,70,113,-1,-1,-1.0,-1.0,2-6 6-3 6-3
Kroger St. Jude,2000-02-14,International Gold,Indoor,Hard,2nd Round,3,Stanoytchev O.,Gambill J.M.,Gambill J.M.,105,55,-1,-1,-1.0,-1.0,2-6 3-6
Kroger St. Jude,2000-02-14,International Gold,Indoor,Hard,2nd Round,3,Gumy H.,Massu N.,Gumy H.,64,99,-1,-1,-1.0,-1.0,7-5 7-6
Kroger St. Jude,2000-02-14,International Gold,Indoor,Hard,2nd Round,3,Salzenstein J.,Haas T.,Haas T.,596,21,-1,-1,-1.0,-1.0,2-6 6-2 4-6
Kroger St. Jude,2000-02-14,International Gold,Indoor,Hard,2nd Round,3,Larsson M.,Zib T.,Larsson M.,78,112,-1,-1,-1.0,-1.0,7-6 6-4
Kroger St. Jude,2000-02-14,International Gold,Indoor,Hard,2nd Round,3,Mirnyi M.,Mamiit C.,Mamiit C.,57,135,-1,-1,-1.0,-1.0,6-7 3-6
Kroger St. Jude,2000-02-14,International Gold,Indoor,Hard,2nd Round,3,Philippoussis M.,MacPhie B.,Philippoussis M.,16,419,-1,-1,-1.0,-1.0,6-2 6-4
Kroger St. Jude,2000-02-14,International Gold,Indoor,Hard,2nd Round,3,Spadea V.,Sa A.,Sa A.,30,118,-1,-1,-1.0,-1.0,4-6 3-6
Kroger St. Jude,2000-02-14,International Gold,Indoor,Hard,2nd Round,3,Sargsian S.,Levy H.,Sargsian S.,58,175,-1,-1,-1.0,-1.0,6-2 6-3
Kroger St. Jude,2000-02-14,International Gold,Indoor,Hard,2nd Round,3,Srichaphan P.,Schuettler R.,Schuettler R.,96,56,-1,-1,-1.0,-1.0,7-5 3-6 3-6
Kroger St. Jude,2000-02-14,International Gold,Indoor,Hard,2nd Round,3,Tieleman L.,Courier J.,Tieleman L.,97,38,-1,-1,-1.0,-1.0,7-6 6-0
Kroger St. Jude,2000-02-14,International Gold,Indoor,Hard,2nd Round,3,Reneberg R.,Tillstrom M.,Tillstrom M.,204,65,-1,-1,-1.0,-1.0,2-6 2-6
Kroger St. Jude,2000-02-14,International Gold,Indoor,Hard,2nd Round,3,Woodruff C.,Woodforde M.,Woodruff C.,37,125,-1,-1,-1.0,-1.0,3-6 7-5 6-3
Kroger St. Jude,2000-02-14,International Gold,Indoor,Hard,3rd Round,3,Woodruff C.,Black B.,Black B.,37,76,-1,-1,-1.0,-1.0,2-6 6-3 4-6
Kroger St. Jude,2000-02-14,International Gold,Indoor,Hard,3rd Round,3,Chang M.,Gumy H.,Chang M.,43,64,-1,-1,-1.0,-1.0,6-2 6-0
Kroger St. Jude,2000-02-14,International Gold,Indoor,Hard,3rd Round,3,Mamiit C.,Ferreira W.,Ferreira W.,135,46,-1,-1,-1.0,-1.0,6-2 2-6 2-6
Kroger St. Jude,2000-02-14,International Gold,Indoor,Hard,3rd Round,3,Haas T.,Tillstrom M.,Haas T.,21,65,-1,-1,-1.0,-1.0,6-2 3-6 7-5
Kroger St. Jude,2000-02-14,International Gold,Indoor,Hard,3rd Round,3,Fromberg R.,Sa A.,Sa A.,70,118,-1,-1,-1.0,-1.0,4-6 6-7
Kroger St. Jude,2000-02-14,International Gold,Indoor,Hard,3rd Round,3,Sargsian S.,Tieleman L.,Sargsian S.,58,97,-1,-1,-1.0,-1.0,6-2 6-2
Kroger St. Jude,2000-02-14,International Gold,Indoor,Hard,3rd Round,3,Gambill J.M.,Schuettler R.,Schuettler R.,55,56,-1,-1,-1.0,-1.0,2-6 6-1 6-7
Kroger St. Jude,2000-02-14,International Gold,Indoor,Hard,Quarterfinals,3,Black B.,Chang M.,Black B.,76,43,-1,-1,-1.0,-1.0,7-5 6-2
Kroger St. Jude,2000-02-14,International Gold,Indoor,Hard,Quarterfinals,3,Ferreira W.,Haas T.,Haas T.,46,21,-1,-1,-1.0,-1.0,3-6 6-2 4-6
Kroger St. Jude,2000-02-14,International Gold,Indoor,Hard,Quarterfinals,3,Larsson M.,Schuettler R.,Larsson M.,78,56,-1,-1,-1.0,-1.0,2-6 7-6 6-3
Kroger St. Jude,2000-02-14,International Gold,Indoor,Hard,Quarterfinals,3,Sargsian S.,Sa A.,Sa A.,58,118,-1,-1,-1.0,-1.0,4-6 4-6
Kroger St. Jude,2000-02-14,International Gold,Indoor,Hard,Semifinals,3,Black B.,Haas T.,Black B.,76,21,-1,-1,-1.0,-1.0,7-6 7-6
Kroger St. Jude,2000-02-14,International Gold,Indoor,Hard,Semifinals,3,Sa A.,Larsson M.,Larsson M.,118,78,-1,-1,-1.0,-1.0,6-3 6-7 4-6
Kroger St. Jude,2000-02-14,International Gold,Indoor,Hard,The Final,3,Larsson M.,Black B.,Larsson M.,78,76,-1,-1,-1.0,-1.0,6-2 1-6 6-3
ABN AMRO World Tennis Tournament,2000-02-14,International Gold,Indoor,Hard,1st Round,3,Lapentti N.,Bjorkman J.,Bjorkman J.,9,69,-1,-1,-1.0,-1.0,6-7 2-6
ABN AMRO World Tennis Tournament,2000-02-14,International Gold,Indoor,Hard,1st Round,3,Dewulf F.,Ivanisevic G.,Dewulf F.,280,61,-1,-1,-1.0,-1.0,6-3 2-6 6-4
ABN AMRO World Tennis Tournament,2000-02-14,International Gold,Indoor,Hard,1st Round,3,Prinosil D.,Escude N.,Escude N.,84,34,-1,-1,-1.0,-1.0,4-6 1-6
ABN AMRO World Tennis Tournament,2000-02-14,International Gold,Indoor,Hard,1st Round,3,Golmard J.,Zabaleta M.,Golmard J.,49,33,-1,-1,-1.0,-1.0,6-2 6-3
ABN AMRO World Tennis Tournament,2000-02-14,International Gold,Indoor,Hard,1st Round,3,Medvedev A.,Grosjean S.,Grosjean S.,36,19,-1,-1,-1.0,-1.0,5-7 3-6
ABN AMRO World Tennis Tournament,2000-02-14,International Gold,Indoor,Hard,1st Round,3,Henman T.,Martin A.,Henman T.,11,51,-1,-1,-1.0,-1.0,6-2 6-2
ABN AMRO World Tennis Tournament,2000-02-14,International Gold,Indoor,Hard,1st Round,3,Safin M.,Hrbaty D.,Hrbaty D.,26,23,-1,-1,-1.0,-1.0,6-4 1-6 6-7
ABN AMRO World Tennis Tournament,2000-02-14,International Gold,Indoor,Hard,1st Round,3,Kafelnikov Y.,Kulti N.,Kafelnikov Y.,2,121,-1,-1,-1.0,-1.0,6-2 6-2
ABN AMRO World Tennis Tournament,2000-02-14,International Gold,Indoor,Hard,1st Round,3,Vacek D.,Kiefer N.,Kiefer N.,44,4,-1,-1,-1.0,-1.0,2-6 4-6
ABN AMRO World Tennis Tournament,2000-02-14,International Gold,Indoor,Hard,1st Round,3,Norman M.,Schalken S.,Norman M.,5,50,-1,-1,-1.0,-1.0,6-2 6-7 6-3
ABN AMRO World Tennis Tournament,2000-02-14,International Gold,Indoor,Hard,1st Round,3,Johansson T.,Novak J.,Novak J.,41,40,-1,-1,-1.0,-1.0,3-6 2-6
ABN AMRO World Tennis Tournament,2000-02-14,International Gold,Indoor,Hard,1st Round,3,Pioline C.,Voinea A.,Pioline C.,15,81,-1,-1,-1.0,-1.0,6-2 6-3
ABN AMRO World Tennis Tournament,2000-02-14,International Gold,Indoor,Hard,1st Round,3,Kucera K.,Rusedski G.,Rusedski G.,29,13,-1,-1,-1.0,-1.0,2-6 5-7
ABN AMRO World Tennis Tournament,2000-02-14,International Gold,Indoor,Hard,1st Round,3,Santoro F.,Alami K.,Santoro F.,35,28,-1,-1,-1.0,-1.0,7-5 6-4
ABN AMRO World Tennis Tournament,2000-02-14,International Gold,Indoor,Hard,1st Round,3,Enqvist T.,Siemerink J.,Siemerink J.,12,98,-1,-1,-1.0,-1.0,3-6 6-7
ABN AMRO World Tennis Tournament,2000-02-14,International Gold,Indoor,Hard,1st Round,3,Wessels P.,Pavel A.,Wessels P.,110,63,-1,-1,-1.0,-1.0,6-4 6-7 6-4
ABN AMRO World Tennis Tournament,2000-02-14,International Gold,Indoor,Hard,2nd Round,3,Siemerink J.,Golmard J.,Golmard J.,98,49,-1,-1,-1.0,-1.0,4-6 6-7
ABN AMRO World Tennis Tournament,2000-02-14,International Gold,Indoor,Hard,2nd Round,3,Henman T.,Santoro F.,Henman T.,11,35,-1,-1,-1.0,-1.0,6-2 7-5
ABN AMRO World Tennis Tournament,2000-02-14,International Gold,Indoor,Hard,2nd Round,3,Bjorkman J.,Hrbaty D.,Hrbaty D.,69,23,-1,-1,-1.0,-1.0,6-7 3-6
ABN AMRO World Tennis Tournament,2000-02-14,International Gold,Indoor,Hard,2nd Round,3,Kafelnikov Y.,Escude N.,Kafelnikov Y.,2,34,-1,-1,-1.0,-1.0,6-3 6-3
ABN AMRO World Tennis Tournament,2000-02-14,International Gold,Indoor,Hard,2nd Round,3,Novak J.,Kiefer N.,Kiefer N.,40,4,-1,-1,-1.0,-1.0,4-6 6-7
ABN AMRO World Tennis Tournament,2000-02-14,International Gold,Indoor,Hard,2nd Round,3,Norman M.,Wessels P.,Norman M.,5,110,-1,-1,-1.0,-1.0,6-4 6-3
ABN AMRO World Tennis Tournament,2000-02-14,International Gold,Indoor,Hard,2nd Round,3,Grosjean S.,Pioline C.,Pioline C.,19,15,-1,-1,-1.0,-1.0,6-7 7-6 3-6
ABN AMRO World Tennis Tournament,2000-02-14,International Gold,Indoor,Hard,2nd Round,3,Rusedski G.,Dewulf F.,Rusedski G.,13,280,-1,-1,-1.0,-1.0,7-6 6-4
ABN AMRO World Tennis Tournament,2000-02-14,International Gold,Indoor,Hard,Quarterfinals,3,Norman M.,Golmard J.,Golmard J.,5,49,-1,-1,-1.0,-1.0,4-6 3-6
ABN AMRO World Tennis Tournament,2000-02-14,International Gold,Indoor,Hard,Quarterfinals,3,Henman T.,Hrbaty D.,Henman T.,11,23,-1,-1,-1.0,-1.0,7-6 6-2
ABN AMRO World Tennis Tournament,2000-02-14,International Gold,Indoor,Hard,Quarterfinals,3,Rusedski G.,Kafelnikov Y.,Kafelnikov Y.,13,2,-1,-1,-1.0,-1.0,7-6 4-6 4-6
ABN AMRO World Tennis Tournament,2000-02-14,International Gold,Indoor,Hard,Quarterfinals,3,Pioline C.,Kiefer N.,Pioline C.,15,4,-1,-1,-1.0,-1.0,2-6 6-3 7-5
ABN AMRO World Tennis Tournament,2000-02-14,International Gold,Indoor,Hard,Semifinals,3,Kafelnikov Y.,Henman T.,Henman T.,2,11,-1,-1,-1.0,-1.0,3-6 6-4 3-6
ABN AMRO World Tennis Tournament,2000-02-14,International Gold,Indoor,Hard,Semifinals,3,Pioline C.,Golmard J.,Pioline C.,15,49,-1,-1,-1.0,-1.0,6-3 6-4
ABN AMRO World Tennis Tournament,2000-02-14,International Gold,Indoor,Hard,The Final,3,Henman T.,Pioline C.,Pioline C.,11,15,-1,-1,-1.0,-1.0,7-6 4-6 6-7
